map,scenario_index,heuristic,path_length,nodes_visited,time_seconds,optimal_cost,optimality_ratio
ai_16room_002,1,manhattan,2,3,3e-05,2.82843,0.70711
ai_16room_002,1,euclidean,2,3,2e-05,2.82843,0.70711
ai_16room_002,1,diagonal,2,3,2e-05,2.82843,0.70711
ai_16room_002,1,hybrid,2,3,2e-05,2.82843,0.70711
ai_16room_002,2,manhattan,3,4,2e-05,3.0,1.0
ai_16room_002,2,euclidean,3,4,2e-05,3.0,1.0
ai_16room_002,2,diagonal,3,8,3e-05,3.0,1.0
ai_16room_002,2,hybrid,3,4,2e-05,3.0,1.0
ai_16room_002,3,manhattan,3,4,2e-05,3.82843,0.78361
ai_16room_002,3,euclidean,3,4,2e-05,3.82843,0.78361
ai_16room_002,3,diagonal,3,5,2e-05,3.82843,0.78361
ai_16room_002,3,hybrid,3,4,2e-05,3.82843,0.78361
ai_16room_002,4,manhattan,3,4,1e-05,3.41421,0.87868
ai_16room_002,4,euclidean,3,4,2e-05,3.41421,0.87868
ai_16room_002,4,diagonal,3,4,2e-05,3.41421,0.87868
ai_16room_002,4,hybrid,3,4,2e-05,3.41421,0.87868
ai_16room_002,5,manhattan,3,4,2e-05,3.0,1.0
ai_16room_002,5,euclidean,3,4,2e-05,3.0,1.0
ai_16room_002,5,diagonal,3,4,2e-05,3.0,1.0
ai_16room_002,5,hybrid,3,4,2e-05,3.0,1.0
ai_16room_002,6,manhattan,3,4,3e-05,3.0,1.0
ai_16room_002,6,euclidean,3,4,2e-05,3.0,1.0
ai_16room_002,6,diagonal,3,6,2e-05,3.0,1.0
ai_16room_002,6,hybrid,3,4,2e-05,3.0,1.0
ai_16room_002,7,manhattan,1,2,1e-05,1.0,1.0
ai_16room_002,7,euclidean,1,2,3e-05,1.0,1.0
ai_16room_002,7,diagonal,1,2,1e-05,1.0,1.0
ai_16room_002,7,hybrid,1,2,2e-05,1.0,1.0
ai_16room_002,8,manhattan,1,2,1e-05,1.0,1.0
ai_16room_002,8,euclidean,1,2,1e-05,1.0,1.0
ai_16room_002,8,diagonal,1,2,1e-05,1.0,1.0
ai_16room_002,8,hybrid,1,2,1e-05,1.0,1.0
ai_16room_002,9,manhattan,1,2,1e-05,1.0,1.0
ai_16room_002,9,euclidean,1,2,1e-05,1.0,1.0
ai_16room_002,9,diagonal,1,2,1e-05,1.0,1.0
ai_16room_002,9,hybrid,1,2,1e-05,1.0,1.0
ai_16room_002,10,manhattan,2,3,1e-05,2.41421,0.82843
ai_16room_002,10,euclidean,2,3,1e-05,2.41421,0.82843
ai_16room_002,10,diagonal,2,4,2e-05,2.41421,0.82843
ai_16room_002,10,hybrid,2,3,1e-05,2.41421,0.82843
ai_Map18,1,manhattan,1343,1344,0.008,3122.06878,0.43016
ai_Map18,1,euclidean,1343,1344,0.0075,3122.06878,0.43016
ai_Map18,1,diagonal,1343,509808,2.60852,3122.06878,0.43016
ai_Map18,1,hybrid,1343,1344,0.06098,3122.06878,0.43016
ai_Map18,2,manhattan,394,1786,0.01108,1006.00418,0.39165
ai_Map18,2,euclidean,394,1432,0.00669,1006.00418,0.39165
ai_Map18,2,diagonal,394,41537,0.18592,1006.00418,0.39165
ai_Map18,2,hybrid,394,1354,0.01018,1006.00418,0.39165
ai_Map18,3,manhattan,0,1,1e-05,4473.29679,
ai_Map18,3,euclidean,0,1,1e-05,4473.29679,
ai_Map18,3,diagonal,0,1,1e-05,4473.29679,
ai_Map18,3,hybrid,0,1,1e-05,4473.29679,
ai_Map18,4,manhattan,572,573,0.00374,1622.25153,0.3526
ai_Map18,4,euclidean,572,573,0.00355,1622.25153,0.3526
ai_Map18,4,diagonal,572,573,0.00396,1622.25153,0.3526
ai_Map18,4,hybrid,572,573,0.00394,1622.25153,0.3526
ai_Map18,5,manhattan,1982,74150,0.51289,4949.58863,0.40044
ai_Map18,5,euclidean,1982,131707,0.64073,4949.58863,0.40044
ai_Map18,5,diagonal,1982,376442,3.69,4949.58863,0.40044
ai_Map18,5,hybrid,1982,99203,0.57981,4949.58863,0.40044
ai_Map18,6,manhattan,709,710,0.00474,1958.41295,0.36203
ai_Map18,6,euclidean,709,710,0.00417,1958.41295,0.36203
ai_Map18,6,diagonal,709,54999,0.27248,1958.41295,0.36203
ai_Map18,6,hybrid,709,710,0.00897,1958.41295,0.36203
ai_Map18,7,manhattan,476,477,0.00271,1245.60178,0.38214
ai_Map18,7,euclidean,476,477,0.00352,1245.60178,0.38214
ai_Map18,7,diagonal,476,54940,0.25146,1245.60178,0.38214
ai_Map18,7,hybrid,476,477,0.00739,1245.60178,0.38214
ai_Map18,8,manhattan,1074,1075,0.00686,3082.00822,0.34847
ai_Map18,8,euclidean,1074,1075,0.00686,3082.00822,0.34847
ai_Map18,8,diagonal,1074,1075,0.00746,3082.00822,0.34847
ai_Map18,8,hybrid,1074,1075,0.00754,3082.00822,0.34847
ai_Map18,9,manhattan,1122,3762,0.02222,2449.25662,0.4581
ai_Map18,9,euclidean,1122,92762,0.46998,2449.25662,0.4581
ai_Map18,9,diagonal,1122,374143,3.98325,2449.25662,0.4581
ai_Map18,9,hybrid,1122,29766,0.19125,2449.25662,0.4581
ai_Map18,10,manhattan,1173,55515,0.25698,3575.2977,0.32808
ai_Map18,10,euclidean,1173,39184,0.19138,3575.2977,0.32808
ai_Map18,10,diagonal,1173,165734,0.77727,3575.2977,0.32808
ai_Map18,10,hybrid,1173,39155,0.21007,3575.2977,0.32808
ai_Maze512-1-0,1,manhattan,1,2,1e-05,2.0,0.5
ai_Maze512-1-0,1,euclidean,1,2,1e-05,2.0,0.5
ai_Maze512-1-0,1,diagonal,1,2,1e-05,2.0,0.5
ai_Maze512-1-0,1,hybrid,1,2,1e-05,2.0,0.5
ai_Maze512-1-0,2,manhattan,2,3,1e-05,2.0,1.0
ai_Maze512-1-0,2,euclidean,2,3,1e-05,2.0,1.0
ai_Maze512-1-0,2,diagonal,2,3,1e-05,2.0,1.0
ai_Maze512-1-0,2,hybrid,2,3,1e-05,2.0,1.0
ai_Maze512-1-0,3,manhattan,3,4,1e-05,3.0,1.0
ai_Maze512-1-0,3,euclidean,3,4,1e-05,3.0,1.0
ai_Maze512-1-0,3,diagonal,3,4,1e-05,3.0,1.0
ai_Maze512-1-0,3,hybrid,3,4,1e-05,3.0,1.0
ai_Maze512-1-0,4,manhattan,2,3,1e-05,2.0,1.0
ai_Maze512-1-0,4,euclidean,2,3,1e-05,2.0,1.0
ai_Maze512-1-0,4,diagonal,2,3,1e-05,2.0,1.0
ai_Maze512-1-0,4,hybrid,2,3,1e-05,2.0,1.0
ai_Maze512-1-0,5,manhattan,1,2,0.0,1.0,1.0
ai_Maze512-1-0,5,euclidean,1,2,0.0,1.0,1.0
ai_Maze512-1-0,5,diagonal,1,2,1e-05,1.0,1.0
ai_Maze512-1-0,5,hybrid,1,2,0.0,1.0,1.0
ai_Maze512-1-0,6,manhattan,1,2,1e-05,2.0,0.5
ai_Maze512-1-0,6,euclidean,1,2,1e-05,2.0,0.5
ai_Maze512-1-0,6,diagonal,1,2,1e-05,2.0,0.5
ai_Maze512-1-0,6,hybrid,1,2,0.0,2.0,0.5
ai_Maze512-1-0,7,manhattan,1,2,0.0,1.0,1.0
ai_Maze512-1-0,7,euclidean,1,2,0.0,1.0,1.0
ai_Maze512-1-0,7,diagonal,1,2,0.0,1.0,1.0
ai_Maze512-1-0,7,hybrid,1,2,0.0,1.0,1.0
ai_Maze512-1-0,8,manhattan,3,4,1e-05,3.0,1.0
ai_Maze512-1-0,8,euclidean,3,4,1e-05,3.0,1.0
ai_Maze512-1-0,8,diagonal,3,4,1e-05,3.0,1.0
ai_Maze512-1-0,8,hybrid,3,4,1e-05,3.0,1.0
ai_Maze512-1-0,9,manhattan,0,1,0.0,,
ai_Maze512-1-0,9,euclidean,0,1,0.0,,
ai_Maze512-1-0,9,diagonal,0,1,0.0,,
ai_Maze512-1-0,9,hybrid,0,1,0.0,,
ai_Maze512-1-0,10,manhattan,1,2,1e-05,1.0,1.0
ai_Maze512-1-0,10,euclidean,1,2,1e-05,1.0,1.0
ai_Maze512-1-0,10,diagonal,1,2,1e-05,1.0,1.0
ai_Maze512-1-0,10,hybrid,1,2,1e-05,1.0,1.0
ai_random512-10-0,1,manhattan,2,3,2e-05,2.41421,0.82843
ai_random512-10-0,1,euclidean,2,3,2e-05,2.41421,0.82843
ai_random512-10-0,1,diagonal,2,3,2e-05,2.41421,0.82843
ai_random512-10-0,1,hybrid,2,3,2e-05,2.41421,0.82843
ai_random512-10-0,2,manhattan,0,1,0.0,,
ai_random512-10-0,2,euclidean,0,1,0.0,,
ai_random512-10-0,2,diagonal,0,1,0.0,,
ai_random512-10-0,2,hybrid,0,1,0.0,,
ai_random512-10-0,3,manhattan,2,3,1e-05,3.0,0.66667
ai_random512-10-0,3,euclidean,2,3,1e-05,3.0,0.66667
ai_random512-10-0,3,diagonal,2,3,1e-05,3.0,0.66667
ai_random512-10-0,3,hybrid,2,3,1e-05,3.0,0.66667
ai_random512-10-0,4,manhattan,2,3,2e-05,2.82843,0.70711
ai_random512-10-0,4,euclidean,2,3,1e-05,2.82843,0.70711
ai_random512-10-0,4,diagonal,2,3,1e-05,2.82843,0.70711
ai_random512-10-0,4,hybrid,2,3,1e-05,2.82843,0.70711
ai_random512-10-0,5,manhattan,0,1,0.0,,
ai_random512-10-0,5,euclidean,0,1,0.0,,
ai_random512-10-0,5,diagonal,0,1,0.0,,
ai_random512-10-0,5,hybrid,0,1,0.0,,
ai_random512-10-0,6,manhattan,3,4,2e-05,3.41421,0.87868
ai_random512-10-0,6,euclidean,3,4,2e-05,3.41421,0.87868
ai_random512-10-0,6,diagonal,3,4,2e-05,3.41421,0.87868
ai_random512-10-0,6,hybrid,3,4,2e-05,3.41421,0.87868
ai_random512-10-0,7,manhattan,0,1,0.0,,
ai_random512-10-0,7,euclidean,0,1,0.0,,
ai_random512-10-0,7,diagonal,0,1,0.0,,
ai_random512-10-0,7,hybrid,0,1,0.0,,
ai_random512-10-0,8,manhattan,3,4,2e-05,3.41421,0.87868
ai_random512-10-0,8,euclidean,3,4,2e-05,3.41421,0.87868
ai_random512-10-0,8,diagonal,3,4,1e-05,3.41421,0.87868
ai_random512-10-0,8,hybrid,3,4,2e-05,3.41421,0.87868
ai_random512-10-0,9,manhattan,3,4,2e-05,3.41421,0.87868
ai_random512-10-0,9,euclidean,3,4,2e-05,3.41421,0.87868
ai_random512-10-0,9,diagonal,3,7,3e-05,3.41421,0.87868
ai_random512-10-0,9,hybrid,3,4,2e-05,3.41421,0.87868
ai_random512-10-0,10,manhattan,2,3,1e-05,2.82843,0.70711
ai_random512-10-0,10,euclidean,2,3,2e-05,2.82843,0.70711
ai_random512-10-0,10,diagonal,2,3,1e-05,2.82843,0.70711
ai_random512-10-0,10,hybrid,2,3,1e-05,2.82843,0.70711
